channel,zip_code,customers,historical_spend,recency_months,share_new_customers
Web,Suburban,12790,203.40781548084442,5.944800625488663,0.490226739640344
Phone,Suburban,12521,200.61247663924604,5.946969091925565,0.49253254532385593
Phone,Urban,11305,203.4477806280407,5.86890756302521,0.4980981866430783
Web,Urban,11189,206.07489319867727,5.864509786397354,0.48279560282420236
Web,Rural,4238,202.80601934874943,5.88933459178858,0.47781972628598396
Phone,Rural,4195,207.63149702026223,5.827175208581645,0.4827175208581645
Multichannel,Suburban,3465,521.4585743145743,4.76017316017316,0.591053391053391
Multichannel,Urban,3167,519.4227691821914,4.775813072308178,0.5926744553204926
Multichannel,Rural,1130,523.8107433628319,4.773451327433628,0.6185840707964602
