customer_segment,action,assigned_customers,conversion_rate,spend_per_assigned_customer
Lapsed | Both,0,925,0.0075675675675675675,1.323102702702703
Lapsed | Both,1,996,0.01606425702811245,2.5418273092369477
Lapsed | Both,2,962,0.010395010395010396,0.7864760914760915
Lapsed | Men only,0,5659,0.003887612652412087,0.4768810743947694
Lapsed | Men only,1,5553,0.00990455609580407,1.1512119575004502
Lapsed | Men only,2,5656,0.004243281471004243,0.6252828854314003
Lapsed | Women only,0,5563,0.0030559050871831746,0.4001114506561208
Lapsed | Women only,1,5604,0.008922198429693077,0.8784939329050678
Lapsed | Women only,2,5612,0.009444048467569494,1.0596560940841055
Recent | Both,0,1224,0.010620915032679739,1.0721078431372548
Recent | Both,1,1185,0.031223628691983123,3.3945400843881854
Recent | Both,2,1156,0.018166089965397925,1.8043425605536334
Recent | Men only,0,3979,0.0077909022367429,1.006245287760744
Recent | Men only,1,4005,0.01373283395755306,1.6928314606741572
Recent | Men only,2,3966,0.008825012607160867,1.470781643973777
Recent | Women only,0,3956,0.008088978766430738,0.6177603640040445
Recent | Women only,1,3964,0.013622603430877902,1.4283425832492431
Recent | Women only,2,4035,0.011400247831474598,1.2092168525402724
