feature,treatment,reference,smd
recency,1,0,0.006831532454259954
recency,2,0,0.005180013205688683
recency,1,2,0.0016491266166754931
log_history,1,0,-0.0011678531088418075
log_history,2,0,0.006481166552043577
log_history,1,2,-0.007629277660623499
mens,1,0,-0.0045823256374879625
mens,2,0,-0.008630731202832915
mens,1,2,0.004048365969302671
womens,1,0,0.007588929691887142
womens,2,0,0.004946313992582152
womens,1,2,0.002642591605171676
newbie,1,0,-0.0008918953696535328
newbie,2,0,0.0025567009140795606
newbie,1,2,-0.0034485982907791336
channel_Multichannel,1,0,-0.004181536419632754
channel_Multichannel,2,0,-0.00528289712504171
channel_Multichannel,1,2,0.001101366720564138
channel_Phone,1,0,-0.008275992307117473
channel_Phone,2,0,0.008622833281250204
channel_Phone,1,2,-0.016899120365944938
channel_Web,1,0,0.011013588354428299
channel_Web,2,0,-0.005147863897421752
channel_Web,1,2,0.016161676963050382
zip_code_Rural,1,0,0.01365900039927897
zip_code_Rural,2,0,0.00395850560137286
zip_code_Rural,1,2,0.00970055448553322
zip_code_Suburban,1,0,-0.01174335672606268
zip_code_Suburban,2,0,-0.0010891197386245202
zip_code_Suburban,1,2,-0.010654203964959778
zip_code_Urban,1,0,0.0019722315768513645
zip_code_Urban,2,0,-0.0017628666291550237
zip_code_Urban,1,2,0.003735101342310665
