outcome,treatment,reference,n_t,n_c,mean_t,mean_c,effect,se,ci_low,ci_high,p_value,p_holm,sim_ci_low,sim_ci_high
conversion,1,0,21307,21306,0.01253109306800582,0.005726086548390125,0.006805006519615695,0.000920851175531638,0.005000171380452313,0.008609841658779076,1.5232235005955425e-13,4.569670501786628e-13,0.0046005074067538235,0.009009505632477566
conversion,2,0,21387,21306,0.008837144059475383,0.005726086548390125,0.003111057511085258,0.0008226578153482761,0.0014986778214022348,0.004723437200768281,0.00015710512910668448,0.00031421025821336897,0.0011416313189786587,0.005080483703191857
conversion,1,2,21307,21387,0.01253109306800582,0.008837144059475383,0.003693949008530437,0.000995138832370407,0.0017435127374671971,0.005644385279593676,0.0002051537746568838,0.00031421025821336897,0.0013116067458207037,0.00607629127124017
visit,1,0,21307,21306,0.18275684047496127,0.10616727682343002,0.07658956365153125,0.0033858083545245127,0.06995350121810838,0.08322562608495411,5.685165482802319e-112,1.7055496448406957e-111,0.06848400684474282,0.08469512045831967
visit,2,0,21387,21306,0.151400383410483,0.10616727682343002,0.045233106587052985,0.0032343863583279126,0.03889382581264261,0.05157238736146336,3.1824031593349214e-44,6.364806318669843e-44,0.037490050980407405,0.052976162193698564
visit,1,2,21307,21387,0.18275684047496127,0.151400383410483,0.03135645706447826,0.0036079163153119004,0.02428507102723248,0.03842784310172404,3.802165220636663e-18,3.802165220636663e-18,0.02271917828618594,0.03999373584277058
spend,1,0,21307,21306,1.422616511005773,0.6527893551112361,0.7698271558945368,0.14524656024868676,0.4851397325684076,1.0545145792206658,1.1638149682254823e-07,3.4914449046764466e-07,0.42209386773820057,1.117560444050873
spend,2,0,21387,21306,1.0772015710478329,0.6527893551112361,0.4244122159365967,0.13033285852919116,0.16895678988377877,0.6798676419894147,0.0011293971023632475,0.002258794204726495,0.11238487977840439,0.7364395520947891
spend,1,2,21307,21387,1.422616511005773,1.0772015710478329,0.34541493995794004,0.15961741484165423,0.03256144962609531,0.6582684302897848,0.030468651185299227,0.030468651185299227,-0.03672139058133023,0.7275512704972102
