outcome,treatment,reference,n_t,n_c,mean_t,mean_c,effect,se,ci_low,ci_high,p_value,p_holm,sim_ci_low,sim_ci_high,customer_segment,p_holm_segments
conversion,1,0,996,925,0.01606425702811245,0.0075675675675675675,0.008496689460544882,0.0048978483098410415,-0.001102916828483935,0.0180962957495737,0.087116075357575,0.261348226072725,-0.0032286604557898047,0.020222039376879566,Lapsed | Both,0.87116075357575
conversion,2,0,962,925,0.010395010395010396,0.0075675675675675675,0.002827442827442828,0.004337342761039193,-0.005673592772799507,0.011328478427685165,0.5158086466581706,0.5464930533956867,-0.007556068127374044,0.013210953782259699,Lapsed | Both,1.0
visit,1,0,996,925,0.27710843373493976,0.16,0.11710843373493976,0.01861239217203093,0.08062881541162391,0.1535880520582556,6.255898292489094e-10,1.876769487746728e-09,0.07255074284879755,0.16166612462108199,Lapsed | Both,5.630308463240185e-09
visit,2,0,962,925,0.23596673596673598,0.16,0.07596673596673598,0.018240209274862796,0.04021658271753144,0.11171688921594052,3.5641753786071166e-05,7.128350757214233e-05,0.032300043418252204,0.11963342851521974,Lapsed | Both,0.0002851340302885693
spend,1,0,996,925,2.5418273092369477,1.323102702702703,1.2187246065342447,1.078347345067124,-0.8961923752927927,3.3336415883612824,0.25854887129267706,0.5170977425853541,-1.3651866933177808,3.8026359063862705,Lapsed | Both,1.0
spend,2,0,962,925,0.7864760914760914,1.323102702702703,-0.5366266112266115,0.7240490378943547,-1.9570721667169861,0.8838189442637633,0.4587396225958126,0.5170977425853541,-2.272254065702015,1.1990008432487924,Lapsed | Both,1.0
conversion,1,0,5553,5659,0.00990455609580407,0.003887612652412087,0.006016943443391983,0.0015653378006074462,0.0029489377305622483,0.009084949156221718,0.00011474112269824835,0.00034422336809474506,0.002269556368845422,0.009764330517938544,Lapsed | Men only,0.0016063757177754768
conversion,2,0,5656,5659,0.004243281471004243,0.003887612652412087,0.00035566881859215626,0.0011963908943688835,-0.0019892142458025194,0.002700551882986832,0.7662473560348411,0.7662473560348411,-0.002508466815213752,0.0032198044523980645,Lapsed | Men only,1.0
visit,1,0,5553,5659,0.1469475958941113,0.08305354302880368,0.06389405286530762,0.00600262808389223,0.052129118008290176,0.07565898772232507,2.5326050483560077e-26,7.597815145068023e-26,0.04952388248664633,0.07826422324396891,Lapsed | Men only,3.545647067698411e-25
visit,2,0,5656,5659,0.09512022630834512,0.08305354302880368,0.01206668327954144,0.005354934811070034,0.0015712039102843758,0.022562162648798505,0.02426498994493236,0.02426498994493236,-0.0007529224875051713,0.024886289046588052,Lapsed | Men only,0.14558993966959416
spend,1,0,5553,5659,1.1512119575004502,0.4768810743947694,0.6743308831056809,0.24492983525041512,0.1942147240666145,1.1544470421447472,0.005913771888696628,0.017741315666089885,0.08786765848310618,1.2607941077282556,Lapsed | Men only,0.08870657833044943
spend,2,0,5656,5659,0.6252828854314003,0.4768810743947694,0.14840181103663092,0.20851878148581834,-0.26033360012595347,0.5571372221992152,0.476669028371772,0.476669028371772,-0.3508662448949108,0.6476698669681726,Lapsed | Men only,1.0
conversion,1,0,5604,5563,0.008922198429693077,0.0030559050871831746,0.005866293342509902,0.0014579284892962188,0.0030088060114544235,0.008723780673565381,5.9793447137683306e-05,0.00011958689427536661,0.002376041989554837,0.009356544695464968,Lapsed | Women only,0.0008969017070652496
conversion,2,0,5612,5563,0.009444048467569494,0.0030559050871831746,0.006388143380386319,0.001488148698110377,0.00347142552844981,0.009304861232322827,1.8722699805473994e-05,5.616809941642198e-05,0.0028255454579838614,0.009950741302788776,Lapsed | Women only,0.0002995631968875839
visit,1,0,5604,5563,0.14453961456102785,0.07675714542513032,0.06778246913589753,0.005899401847526759,0.05621985398441602,0.07934508428737903,3.677950550845864e-30,7.355901101691729e-30,0.05365942028190647,0.08190551798988858,Lapsed | Women only,5.516925826268796e-29
visit,2,0,5612,5563,0.15609408410548825,0.07675714542513032,0.07933693868035793,0.006017591286152522,0.06754267648581692,0.09113120087489894,5.1602596753432376e-39,1.5480779026029712e-38,0.0649309466977449,0.09374293066297096,Lapsed | Women only,8.25641548054918e-38
spend,1,0,5604,5563,0.8784939329050678,0.40011145065612075,0.4783824822489471,0.21061645196833376,0.06553325240429536,0.8912317120935989,0.023146706820550474,0.04629341364110095,-0.025911532417976058,0.9826764969158702,Lapsed | Women only,0.2777604818466057
spend,2,0,5612,5563,1.0596560940841055,0.40011145065612075,0.6595446434279848,0.22093946112870616,0.22645841212477985,1.0926308747311897,0.0028410041611247293,0.008523012483374188,0.13053029269993188,1.1885589941560377,Lapsed | Women only,0.04545606657799567
conversion,1,0,1185,1224,0.031223628691983123,0.010620915032679739,0.020602713659303384,0.005840496455353352,0.009155550954976967,0.0320498763636298,0.00039106553397954955,0.0011731966019386487,0.006620683124275847,0.03458474419433092,Recent | Both,0.005083851941734144
conversion,2,0,1156,1224,0.018166089965397925,0.010620915032679739,0.007545174932718186,0.0049004281274331535,-0.002059487705877853,0.017149837571314226,0.12106249794382298,0.12106249794382298,-0.004186351014819232,0.019276700880255605,Recent | Both,1.0
visit,1,0,1185,1224,0.3468354430379747,0.19607843137254902,0.15075701166542568,0.017887357828972533,0.11569843454205894,0.18581558878879242,8.08309186218137e-17,2.424927558654411e-16,0.10793503835073995,0.19357898498011142,Recent | Both,8.891401048399506e-16
visit,2,0,1156,1224,0.2647058823529412,0.19607843137254902,0.06862745098039216,0.017238180915671707,0.03484123722668993,0.1024136647340944,6.897662557282181e-05,6.897662557282181e-05,0.027359594082657146,0.10989530787812718,Recent | Both,0.00048283637900975267
spend,1,0,1185,1224,3.3945400843881854,1.0721078431372548,2.3224322412509304,0.8780324941763002,0.6002757200998945,4.0445887624019665,0.008244451272018845,0.024733353816056534,0.21832635120502042,4.426538131296841,Recent | Both,0.1101185915844029
spend,2,0,1156,1224,1.804342560553633,1.0721078431372548,0.7322347174163781,0.6975297567574753,-0.6357459442379556,2.100215379070712,0.2939610163321691,0.2939610163321691,-0.939076877806504,2.40354631263926,Recent | Both,1.0
conversion,1,0,4005,3979,0.01373283395755306,0.0077909022367429,0.005941931720810159,0.00230750600758721,0.0014193030518294186,0.010464560389790899,0.010120390852481556,0.030361172557444666,0.0004178089506865204,0.011466054490933797,Recent | Men only,0.12144469022977866
conversion,2,0,3966,3979,0.008825012607160867,0.0077909022367429,0.0010341103704179667,0.0020367327768075643,-0.002957812518257116,0.005026033259093049,0.6116125088127544,0.6116125088127544,-0.0038417867548876054,0.005910007495723539,Recent | Men only,1.0
visit,1,0,4005,3979,0.19950062421972534,0.12364915807991958,0.07585146613980576,0.008191957728033683,0.05979552402998517,0.09190740824962634,3.4402927208268595e-20,1.0320878162480579e-19,0.05624008481792598,0.09546284746168554,Recent | Men only,4.472380537074918e-19
visit,2,0,3966,3979,0.13338376197680282,0.12364915807991958,0.009734603896883243,0.007508585588623062,-0.00498195343165444,0.024451161225420924,0.19483962709113334,0.19483962709113334,-0.008240798327488745,0.02771000612125523,Recent | Men only,0.9741981354556667
spend,1,0,4005,3979,1.6928314606741572,1.006245287760744,0.6865861729134133,0.40866487280747854,-0.11451215594407793,1.4876845017709046,0.09298526510741457,0.27895579532224374,-0.2919698776819889,1.6651422235088154,Recent | Men only,0.9298526510741457
spend,2,0,3966,3979,1.470781643973777,1.006245287760744,0.46453635621303313,0.3985536479115291,-0.3167398160619419,1.2458125284880082,0.24383110756653958,0.48766221513307917,-0.4898059499827172,1.4188786624087835,Recent | Men only,1.0
conversion,1,0,3964,3956,0.013622603430877902,0.008088978766430738,0.005533624664447163,0.0023276515793171086,0.0009715114004278536,0.010095737928466473,0.01750670303463558,0.05252010910390674,-3.872619745364826e-05,0.011105975526347974,Recent | Women only,0.1925737333809914
conversion,2,0,4035,3956,0.011400247831474598,0.008088978766430738,0.0033112690650438596,0.0021957521754168395,-0.0009923261177486207,0.00761486424783634,0.13224340031442727,0.26448680062885455,-0.0019453172883116049,0.008567855418399325,Recent | Women only,1.0
visit,1,0,3964,3956,0.19727547931382441,0.12259858442871588,0.07467689488510854,0.00819390948755256,0.05861712739692447,0.0907366623732926,1.251079369558156e-19,3.7532381086744684e-19,0.055060841090366464,0.09429294867985061,Recent | Women only,1.5012952434697873e-18
visit,2,0,4035,3956,0.18884758364312268,0.12259858442871588,0.0662489992144068,0.008071865035922157,0.05042843445593126,0.08206956397288234,3.377645913439411e-16,6.755291826878822e-16,0.04692511737154784,0.08557288105726576,Recent | Women only,3.377645913439411e-15
spend,1,0,3964,3956,1.4283425832492431,0.6177603640040445,0.8105822192451986,0.30487922126009975,0.2129064533410776,1.4082579851493195,0.007865613684600207,0.02359684105380062,0.08049782819660334,1.5406666102937938,Recent | Women only,0.1101185915844029
spend,2,0,4035,3956,1.2092168525402727,0.6177603640040445,0.5914564885362281,0.27211472393926067,0.058021969301396026,1.12489100777106,0.029774550365536043,0.059549100731072085,-0.06014957703366941,1.2430625541061255,Recent | Women only,0.32752005402089646
