decile,customers,predicted,observed
0,1066,0.0013570896538227558,0.0009380863039399625
1,1065,0.0020443676810443503,0.005633802816901409
2,1065,0.0027230893757609932,0.004694835680751174
3,1065,0.003336121979284647,0.0
4,1066,0.00395676008227014,0.006566604127579738
5,1065,0.004646481393547129,0.005633802816901409
6,1065,0.00552687596589281,0.004694835680751174
7,1065,0.006827587903719203,0.008450704225352112
8,1065,0.008813862270794769,0.012206572769953052
9,1066,0.012799898795597862,0.013133208255159476
