feature,coefficient,odds_ratio
numeric__recency,-0.42174942236690594,0.6558983722651833
numeric__log_history,0.09520971226678719,1.099889491260072
numeric__mens,0.19933916709113755,1.220595881657239
numeric__womens,0.11721244275978104,1.1243582660931377
numeric__newbie,-0.44276752249769274,0.6422564999204525
categorical__channel_Phone,0.24698288333638072,1.2801572005705566
categorical__channel_Web,0.06299093199679064,1.065017181608297
categorical__zip_code_Suburban,-0.12359225358870758,0.8837401092867618
categorical__zip_code_Urban,0.23702395786748076,1.2674714833253684
