capacity,margin,cost,minimum_net_contribution,maximum_email_budget_per_10000,email_cost_per_10000,incremental_spend,spend_se,spend_ci_low,spend_ci_high,incremental_conversion,conversion_se,conversion_ci_low,conversion_ci_high,email_fraction,expected_contribution_per_10000,contribution_ci_low_per_10000,contribution_ci_high_per_10000
0.25,0.2,0.0,0.0,0.0,0.0,0.2475571875,0.1028651900673765,0.045945119705074755,0.44916925529492524,0.0020625,0.0008063981718838096,0.00048198862590879315,0.003643011374091207,0.25,495.11437500000005,91.8902394101495,898.3385105898506
0.25,0.2,0.0,0.05,0.0,0.0,0.2475571875,0.1028651900673765,0.045945119705074755,0.44916925529492524,0.0020625,0.0008063981718838096,0.00048198862590879315,0.003643011374091207,0.25,495.11437500000005,91.8902394101495,898.3385105898506
0.25,0.2,0.0,0.1,0.0,0.0,0.2475571875,0.1028651900673765,0.045945119705074755,0.44916925529492524,0.0020625,0.0008063981718838096,0.00048198862590879315,0.003643011374091207,0.25,495.11437500000005,91.8902394101495,898.3385105898506
0.25,0.2,0.02,0.0,50.0,50.0,0.2475571875,0.1028651900673765,0.045945119705074755,0.44916925529492524,0.0020625,0.0008063981718838096,0.00048198862590879315,0.003643011374091207,0.25,445.11437500000005,41.89023941014951,848.3385105898506
0.25,0.2,0.02,0.05,50.0,50.0,0.2475571875,0.1028651900673765,0.045945119705074755,0.44916925529492524,0.0020625,0.0008063981718838096,0.00048198862590879315,0.003643011374091207,0.25,445.11437500000005,41.89023941014951,848.3385105898506
0.25,0.2,0.02,0.1,50.0,50.0,0.2475571875,0.1028651900673765,0.045945119705074755,0.44916925529492524,0.0020625,0.0008063981718838096,0.00048198862590879315,0.003643011374091207,0.25,445.11437500000005,41.89023941014951,848.3385105898506
0.25,0.2,0.1,0.0,250.0,250.0,0.2475571875,0.1028651900673765,0.045945119705074755,0.44916925529492524,0.0020625,0.0008063981718838096,0.00048198862590879315,0.003643011374091207,0.25,245.11437500000002,-158.1097605898505,648.3385105898507
0.25,0.2,0.1,0.05,250.0,239.75,0.2339203125,0.10023070440623326,0.03747174171870271,0.4303688832812973,0.00215625,0.000789871913737791,0.0006081294966742016,0.003704370503325799,0.23975,228.09062500000002,-164.80651656259457,620.9877665625947
0.25,0.2,0.1,0.1,250.0,55.375,0.132613125,0.07894924382251033,-0.022124549498791585,0.2873507994987916,0.00121875,0.0005048211159905015,0.00022931879402329986,0.0022081812059767,0.055375,209.85125,-99.62409899758319,519.3265989975832
0.25,0.2,0.5,0.0,1250.0,0.0,0.0,0.0,0.0,0.0,0.0,0.0,0.0,0.0,0.0,0.0,0.0,0.0
0.25,0.2,0.5,0.05,1250.0,0.0,0.0,0.0,0.0,0.0,0.0,0.0,0.0,0.0,0.0,0.0,0.0,0.0
0.25,0.2,0.5,0.1,1250.0,0.0,0.0,0.0,0.0,0.0,0.0,0.0,0.0,0.0,0.0,0.0,0.0,0.0
0.25,0.4,0.0,0.0,0.0,0.0,0.2475571875,0.1028651900673765,0.045945119705074755,0.44916925529492524,0.0020625,0.0008063981718838096,0.00048198862590879315,0.003643011374091207,0.25,990.2287500000001,183.780478820299,1796.6770211797011
0.25,0.4,0.0,0.05,0.0,0.0,0.2475571875,0.1028651900673765,0.045945119705074755,0.44916925529492524,0.0020625,0.0008063981718838096,0.00048198862590879315,0.003643011374091207,0.25,990.2287500000001,183.780478820299,1796.6770211797011
0.25,0.4,0.0,0.1,0.0,0.0,0.2475571875,0.1028651900673765,0.045945119705074755,0.44916925529492524,0.0020625,0.0008063981718838096,0.00048198862590879315,0.003643011374091207,0.25,990.2287500000001,183.780478820299,1796.6770211797011
0.25,0.4,0.02,0.0,50.0,50.0,0.2475571875,0.1028651900673765,0.045945119705074755,0.44916925529492524,0.0020625,0.0008063981718838096,0.00048198862590879315,0.003643011374091207,0.25,940.2287500000001,133.780478820299,1746.6770211797011
0.25,0.4,0.02,0.05,50.0,50.0,0.2475571875,0.1028651900673765,0.045945119705074755,0.44916925529492524,0.0020625,0.0008063981718838096,0.00048198862590879315,0.003643011374091207,0.25,940.2287500000001,133.780478820299,1746.6770211797011
0.25,0.4,0.02,0.1,50.0,50.0,0.2475571875,0.1028651900673765,0.045945119705074755,0.44916925529492524,0.0020625,0.0008063981718838096,0.00048198862590879315,0.003643011374091207,0.25,940.2287500000001,133.780478820299,1746.6770211797011
0.25,0.4,0.1,0.0,250.0,250.0,0.2475571875,0.1028651900673765,0.045945119705074755,0.44916925529492524,0.0020625,0.0008063981718838096,0.00048198862590879315,0.003643011374091207,0.25,740.2287500000001,-66.21952117970099,1546.6770211797013
0.25,0.4,0.1,0.05,250.0,250.0,0.2475571875,0.1028651900673765,0.045945119705074755,0.44916925529492524,0.0020625,0.0008063981718838096,0.00048198862590879315,0.003643011374091207,0.25,740.2287500000001,-66.21952117970099,1546.6770211797013
0.25,0.4,0.1,0.1,250.0,250.0,0.2475571875,0.1028651900673765,0.045945119705074755,0.44916925529492524,0.0020625,0.0008063981718838096,0.00048198862590879315,0.003643011374091207,0.25,740.2287500000001,-66.21952117970099,1546.6770211797013
0.25,0.4,0.5,0.0,1250.0,276.875,0.132613125,0.07894924382251033,-0.022124549498791585,0.2873507994987916,0.00121875,0.0005048211159905015,0.00022931879402329986,0.0022081812059767,0.055375,253.57750000000001,-365.3731979951663,872.5281979951665
0.25,0.4,0.5,0.05,1250.0,0.0,0.0,0.0,0.0,0.0,0.0,0.0,0.0,0.0,0.0,0.0,0.0,0.0
0.25,0.4,0.5,0.1,1250.0,0.0,0.0,0.0,0.0,0.0,0.0,0.0,0.0,0.0,0.0,0.0,0.0,0.0
0.25,0.6,0.0,0.0,0.0,0.0,0.2475571875,0.1028651900673765,0.045945119705074755,0.44916925529492524,0.0020625,0.0008063981718838096,0.00048198862590879315,0.003643011374091207,0.25,1485.3431249999999,275.67071823044853,2695.015531769551
0.25,0.6,0.0,0.05,0.0,0.0,0.2475571875,0.1028651900673765,0.045945119705074755,0.44916925529492524,0.0020625,0.0008063981718838096,0.00048198862590879315,0.003643011374091207,0.25,1485.3431249999999,275.67071823044853,2695.015531769551
0.25,0.6,0.0,0.1,0.0,0.0,0.2475571875,0.1028651900673765,0.045945119705074755,0.44916925529492524,0.0020625,0.0008063981718838096,0.00048198862590879315,0.003643011374091207,0.25,1485.3431249999999,275.67071823044853,2695.015531769551
0.25,0.6,0.02,0.0,50.0,50.0,0.2475571875,0.1028651900673765,0.045945119705074755,0.44916925529492524,0.0020625,0.0008063981718838096,0.00048198862590879315,0.003643011374091207,0.25,1435.3431249999999,225.67071823044853,2645.015531769551
0.25,0.6,0.02,0.05,50.0,50.0,0.2475571875,0.1028651900673765,0.045945119705074755,0.44916925529492524,0.0020625,0.0008063981718838096,0.00048198862590879315,0.003643011374091207,0.25,1435.3431249999999,225.67071823044853,2645.015531769551
0.25,0.6,0.02,0.1,50.0,50.0,0.2475571875,0.1028651900673765,0.045945119705074755,0.44916925529492524,0.0020625,0.0008063981718838096,0.00048198862590879315,0.003643011374091207,0.25,1435.3431249999999,225.67071823044853,2645.015531769551
0.25,0.6,0.1,0.0,250.0,250.0,0.2475571875,0.1028651900673765,0.045945119705074755,0.44916925529492524,0.0020625,0.0008063981718838096,0.00048198862590879315,0.003643011374091207,0.25,1235.3431249999999,25.670718230448518,2445.015531769551
0.25,0.6,0.1,0.05,250.0,250.0,0.2475571875,0.1028651900673765,0.045945119705074755,0.44916925529492524,0.0020625,0.0008063981718838096,0.00048198862590879315,0.003643011374091207,0.25,1235.3431249999999,25.670718230448518,2445.015531769551
0.25,0.6,0.1,0.1,250.0,250.0,0.2475571875,0.1028651900673765,0.045945119705074755,0.44916925529492524,0.0020625,0.0008063981718838096,0.00048198862590879315,0.003643011374091207,0.25,1235.3431249999999,25.670718230448518,2445.015531769551
0.25,0.6,0.5,0.0,1250.0,1198.75,0.2339203125,0.10023070440623326,0.03747174171870271,0.4303688832812973,0.00215625,0.000789871913737791,0.0006081294966742016,0.003704370503325799,0.23975,204.77187500000008,-973.9195496877836,1383.4632996877838
0.25,0.6,0.5,0.05,1250.0,1198.75,0.2339203125,0.10023070440623326,0.03747174171870271,0.4303688832812973,0.00215625,0.000789871913737791,0.0006081294966742016,0.003704370503325799,0.23975,204.77187500000008,-973.9195496877836,1383.4632996877838
0.25,0.6,0.5,0.1,1250.0,276.875,0.132613125,0.07894924382251033,-0.022124549498791585,0.2873507994987916,0.00121875,0.0005048211159905015,0.00022931879402329986,0.0022081812059767,0.055375,518.8037499999999,-409.6222969927495,1447.2297969927495
0.5,0.2,0.0,0.0,0.0,0.0,0.48964125000000003,0.14878648299267747,0.1980251019479709,0.7812573980520292,0.00346875,0.0010395732069864384,0.0014312239550137778,0.005506276044986222,0.5,979.2825,396.0502038959418,1562.5147961040586
0.5,0.2,0.0,0.05,0.0,0.0,0.48964125000000003,0.14878648299267747,0.1980251019479709,0.7812573980520292,0.00346875,0.0010395732069864384,0.0014312239550137778,0.005506276044986222,0.5,979.2825,396.0502038959418,1562.5147961040586
0.5,0.2,0.0,0.1,0.0,0.0,0.48964125000000003,0.14878648299267747,0.1980251019479709,0.7812573980520292,0.00346875,0.0010395732069864384,0.0014312239550137778,0.005506276044986222,0.5,979.2825,396.0502038959418,1562.5147961040586
0.5,0.2,0.02,0.0,100.0,100.0,0.48964125000000003,0.14878648299267747,0.1980251019479709,0.7812573980520292,0.00346875,0.0010395732069864384,0.0014312239550137778,0.005506276044986222,0.5,879.2825000000001,296.05020389594176,1462.5147961040586
0.5,0.2,0.02,0.05,100.0,100.0,0.48964125000000003,0.14878648299267747,0.1980251019479709,0.7812573980520292,0.00346875,0.0010395732069864384,0.0014312239550137778,0.005506276044986222,0.5,879.2825000000001,296.05020389594176,1462.5147961040586
0.5,0.2,0.02,0.1,100.0,100.0,0.48964125000000003,0.14878648299267747,0.1980251019479709,0.7812573980520292,0.00346875,0.0010395732069864384,0.0014312239550137778,0.005506276044986222,0.5,879.2825000000001,296.05020389594176,1462.5147961040586
0.5,0.2,0.1,0.0,500.0,500.0,0.48964125000000003,0.14878648299267747,0.1980251019479709,0.7812573980520292,0.00346875,0.0010395732069864384,0.0014312239550137778,0.005506276044986222,0.5,479.2825,-103.94979610405822,1062.5147961040586
0.5,0.2,0.1,0.05,500.0,239.75,0.2339203125,0.10023070440623326,0.03747174171870271,0.4303688832812973,0.00215625,0.000789871913737791,0.0006081294966742016,0.003704370503325799,0.23975,228.09062500000002,-164.80651656259457,620.9877665625947
0.5,0.2,0.1,0.1,500.0,55.375,0.132613125,0.07894924382251033,-0.022124549498791585,0.2873507994987916,0.00121875,0.0005048211159905015,0.00022931879402329986,0.0022081812059767,0.055375,209.85125,-99.62409899758319,519.3265989975832
0.5,0.2,0.5,0.0,2500.0,0.0,0.0,0.0,0.0,0.0,0.0,0.0,0.0,0.0,0.0,0.0,0.0,0.0
0.5,0.2,0.5,0.05,2500.0,0.0,0.0,0.0,0.0,0.0,0.0,0.0,0.0,0.0,0.0,0.0,0.0,0.0
0.5,0.2,0.5,0.1,2500.0,0.0,0.0,0.0,0.0,0.0,0.0,0.0,0.0,0.0,0.0,0.0,0.0,0.0
0.5,0.4,0.0,0.0,0.0,0.0,0.48964125000000003,0.14878648299267747,0.1980251019479709,0.7812573980520292,0.00346875,0.0010395732069864384,0.0014312239550137778,0.005506276044986222,0.5,1958.565,792.1004077918836,3125.0295922081173
0.5,0.4,0.0,0.05,0.0,0.0,0.48964125000000003,0.14878648299267747,0.1980251019479709,0.7812573980520292,0.00346875,0.0010395732069864384,0.0014312239550137778,0.005506276044986222,0.5,1958.565,792.1004077918836,3125.0295922081173
0.5,0.4,0.0,0.1,0.0,0.0,0.48964125000000003,0.14878648299267747,0.1980251019479709,0.7812573980520292,0.00346875,0.0010395732069864384,0.0014312239550137778,0.005506276044986222,0.5,1958.565,792.1004077918836,3125.0295922081173
0.5,0.4,0.02,0.0,100.0,100.0,0.48964125000000003,0.14878648299267747,0.1980251019479709,0.7812573980520292,0.00346875,0.0010395732069864384,0.0014312239550137778,0.005506276044986222,0.5,1858.565,692.1004077918836,3025.0295922081173
0.5,0.4,0.02,0.05,100.0,100.0,0.48964125000000003,0.14878648299267747,0.1980251019479709,0.7812573980520292,0.00346875,0.0010395732069864384,0.0014312239550137778,0.005506276044986222,0.5,1858.565,692.1004077918836,3025.0295922081173
0.5,0.4,0.02,0.1,100.0,100.0,0.48964125000000003,0.14878648299267747,0.1980251019479709,0.7812573980520292,0.00346875,0.0010395732069864384,0.0014312239550137778,0.005506276044986222,0.5,1858.565,692.1004077918836,3025.0295922081173
0.5,0.4,0.1,0.0,500.0,500.0,0.48964125000000003,0.14878648299267747,0.1980251019479709,0.7812573980520292,0.00346875,0.0010395732069864384,0.0014312239550137778,0.005506276044986222,0.5,1458.565,292.1004077918836,2625.0295922081173
0.5,0.4,0.1,0.05,500.0,500.0,0.48964125000000003,0.14878648299267747,0.1980251019479709,0.7812573980520292,0.00346875,0.0010395732069864384,0.0014312239550137778,0.005506276044986222,0.5,1458.565,292.1004077918836,2625.0295922081173
0.5,0.4,0.1,0.1,500.0,500.0,0.48964125000000003,0.14878648299267747,0.1980251019479709,0.7812573980520292,0.00346875,0.0010395732069864384,0.0014312239550137778,0.005506276044986222,0.5,1458.565,292.1004077918836,2625.0295922081173
0.5,0.4,0.5,0.0,2500.0,276.875,0.132613125,0.07894924382251033,-0.022124549498791585,0.2873507994987916,0.00121875,0.0005048211159905015,0.00022931879402329986,0.0022081812059767,0.055375,253.57750000000001,-365.3731979951663,872.5281979951665
0.5,0.4,0.5,0.05,2500.0,0.0,0.0,0.0,0.0,0.0,0.0,0.0,0.0,0.0,0.0,0.0,0.0,0.0
0.5,0.4,0.5,0.1,2500.0,0.0,0.0,0.0,0.0,0.0,0.0,0.0,0.0,0.0,0.0,0.0,0.0,0.0
0.5,0.6,0.0,0.0,0.0,0.0,0.48964125000000003,0.14878648299267747,0.1980251019479709,0.7812573980520292,0.00346875,0.0010395732069864384,0.0014312239550137778,0.005506276044986222,0.5,2937.8475,1188.1506116878254,4687.544388312175
0.5,0.6,0.0,0.05,0.0,0.0,0.48964125000000003,0.14878648299267747,0.1980251019479709,0.7812573980520292,0.00346875,0.0010395732069864384,0.0014312239550137778,0.005506276044986222,0.5,2937.8475,1188.1506116878254,4687.544388312175
0.5,0.6,0.0,0.1,0.0,0.0,0.48964125000000003,0.14878648299267747,0.1980251019479709,0.7812573980520292,0.00346875,0.0010395732069864384,0.0014312239550137778,0.005506276044986222,0.5,2937.8475,1188.1506116878254,4687.544388312175
0.5,0.6,0.02,0.0,100.0,100.0,0.48964125000000003,0.14878648299267747,0.1980251019479709,0.7812573980520292,0.00346875,0.0010395732069864384,0.0014312239550137778,0.005506276044986222,0.5,2837.8475,1088.1506116878254,4587.544388312174
0.5,0.6,0.02,0.05,100.0,100.0,0.48964125000000003,0.14878648299267747,0.1980251019479709,0.7812573980520292,0.00346875,0.0010395732069864384,0.0014312239550137778,0.005506276044986222,0.5,2837.8475,1088.1506116878254,4587.544388312174
0.5,0.6,0.02,0.1,100.0,100.0,0.48964125000000003,0.14878648299267747,0.1980251019479709,0.7812573980520292,0.00346875,0.0010395732069864384,0.0014312239550137778,0.005506276044986222,0.5,2837.8475,1088.1506116878254,4587.544388312174
0.5,0.6,0.1,0.0,500.0,500.0,0.48964125000000003,0.14878648299267747,0.1980251019479709,0.7812573980520292,0.00346875,0.0010395732069864384,0.0014312239550137778,0.005506276044986222,0.5,2437.8475,688.1506116878254,4187.544388312175
0.5,0.6,0.1,0.05,500.0,500.0,0.48964125000000003,0.14878648299267747,0.1980251019479709,0.7812573980520292,0.00346875,0.0010395732069864384,0.0014312239550137778,0.005506276044986222,0.5,2437.8475,688.1506116878254,4187.544388312175
0.5,0.6,0.1,0.1,500.0,500.0,0.48964125000000003,0.14878648299267747,0.1980251019479709,0.7812573980520292,0.00346875,0.0010395732069864384,0.0014312239550137778,0.005506276044986222,0.5,2437.8475,688.1506116878254,4187.544388312175
0.5,0.6,0.5,0.0,2500.0,1198.75,0.2339203125,0.10023070440623326,0.03747174171870271,0.4303688832812973,0.00215625,0.000789871913737791,0.0006081294966742016,0.003704370503325799,0.23975,204.77187500000008,-973.9195496877836,1383.4632996877838
0.5,0.6,0.5,0.05,2500.0,1198.75,0.2339203125,0.10023070440623326,0.03747174171870271,0.4303688832812973,0.00215625,0.000789871913737791,0.0006081294966742016,0.003704370503325799,0.23975,204.77187500000008,-973.9195496877836,1383.4632996877838
0.5,0.6,0.5,0.1,2500.0,276.875,0.132613125,0.07894924382251033,-0.022124549498791585,0.2873507994987916,0.00121875,0.0005048211159905015,0.00022931879402329986,0.0022081812059767,0.055375,518.8037499999999,-409.6222969927495,1447.2297969927495
1.0,0.2,0.0,0.0,0.0,0.0,0.88160625,0.2084565978384082,0.4730388258969699,1.29017367410303,0.0065625,0.001331953542897499,0.003951919026840375,0.009173080973159624,1.0,1763.2125,946.0776517939398,2580.3473482060604
1.0,0.2,0.0,0.05,0.0,0.0,0.88160625,0.2084565978384082,0.4730388258969699,1.29017367410303,0.0065625,0.001331953542897499,0.003951919026840375,0.009173080973159624,1.0,1763.2125,946.0776517939398,2580.3473482060604
1.0,0.2,0.0,0.1,0.0,0.0,0.7432593749999998,0.1943989034802938,0.36224452554454584,1.1242742244554538,0.00609375,0.0012884192863155375,0.0035684946018347467,0.008619005398165253,0.9544375,1486.5187499999995,724.4890510890916,2248.5484489109076
1.0,0.2,0.02,0.0,200.0,200.0,0.88160625,0.2084565978384082,0.4730388258969699,1.29017367410303,0.0065625,0.001331953542897499,0.003951919026840375,0.009173080973159624,1.0,1563.2125000000003,746.0776517939398,2380.3473482060604
1.0,0.2,0.02,0.05,200.0,200.0,0.88160625,0.2084565978384082,0.4730388258969699,1.29017367410303,0.0065625,0.001331953542897499,0.003951919026840375,0.009173080973159624,1.0,1563.2125000000003,746.0776517939398,2380.3473482060604
1.0,0.2,0.02,0.1,200.0,137.70000000000002,0.5367112500000001,0.16362391525624176,0.21601426908833232,0.8574082309116678,0.004125,0.0011479846776500887,0.0018749913770020029,0.0063750086229979975,0.6885,935.7225000000002,294.32853817666467,1577.1164618233358
1.0,0.2,0.1,0.0,1000.0,954.4375,0.7432593749999998,0.1943989034802938,0.36224452554454584,1.1242742244554538,0.00609375,0.0012884192863155375,0.0035684946018347467,0.008619005398165253,0.9544375,532.0812499999995,-229.9484489109084,1294.1109489109076
1.0,0.2,0.1,0.05,1000.0,239.75,0.2339203125,0.10023070440623326,0.03747174171870271,0.4303688832812973,0.00215625,0.000789871913737791,0.0006081294966742016,0.003704370503325799,0.23975,228.09062500000002,-164.80651656259457,620.9877665625947
1.0,0.2,0.1,0.1,1000.0,55.375,0.132613125,0.07894924382251033,-0.022124549498791585,0.2873507994987916,0.00121875,0.0005048211159905015,0.00022931879402329986,0.0022081812059767,0.055375,209.85125,-99.62409899758319,519.3265989975832
1.0,0.2,0.5,0.0,5000.0,0.0,0.0,0.0,0.0,0.0,0.0,0.0,0.0,0.0,0.0,0.0,0.0,0.0
1.0,0.2,0.5,0.05,5000.0,0.0,0.0,0.0,0.0,0.0,0.0,0.0,0.0,0.0,0.0,0.0,0.0,0.0
1.0,0.2,0.5,0.1,5000.0,0.0,0.0,0.0,0.0,0.0,0.0,0.0,0.0,0.0,0.0,0.0,0.0,0.0
1.0,0.4,0.0,0.0,0.0,0.0,0.88160625,0.2084565978384082,0.4730388258969699,1.29017367410303,0.0065625,0.001331953542897499,0.003951919026840375,0.009173080973159624,1.0,3526.425,1892.1553035878796,5160.694696412121
1.0,0.4,0.0,0.05,0.0,0.0,0.88160625,0.2084565978384082,0.4730388258969699,1.29017367410303,0.0065625,0.001331953542897499,0.003951919026840375,0.009173080973159624,1.0,3526.425,1892.1553035878796,5160.694696412121
1.0,0.4,0.0,0.1,0.0,0.0,0.88160625,0.2084565978384082,0.4730388258969699,1.29017367410303,0.0065625,0.001331953542897499,0.003951919026840375,0.009173080973159624,1.0,3526.425,1892.1553035878796,5160.694696412121
1.0,0.4,0.02,0.0,200.0,200.0,0.88160625,0.2084565978384082,0.4730388258969699,1.29017367410303,0.0065625,0.001331953542897499,0.003951919026840375,0.009173080973159624,1.0,3326.425,1692.1553035878796,4960.69469641212
1.0,0.4,0.02,0.05,200.0,200.0,0.88160625,0.2084565978384082,0.4730388258969699,1.29017367410303,0.0065625,0.001331953542897499,0.003951919026840375,0.009173080973159624,1.0,3326.425,1692.1553035878796,4960.69469641212
1.0,0.4,0.02,0.1,200.0,200.0,0.88160625,0.2084565978384082,0.4730388258969699,1.29017367410303,0.0065625,0.001331953542897499,0.003951919026840375,0.009173080973159624,1.0,3326.425,1692.1553035878796,4960.69469641212
1.0,0.4,0.1,0.0,1000.0,1000.0,0.88160625,0.2084565978384082,0.4730388258969699,1.29017367410303,0.0065625,0.001331953542897499,0.003951919026840375,0.009173080973159624,1.0,2526.4249999999997,892.1553035878796,4160.694696412121
1.0,0.4,0.1,0.05,1000.0,954.4375,0.7432593749999998,0.1943989034802938,0.36224452554454584,1.1242742244554538,0.00609375,0.0012884192863155375,0.0035684946018347467,0.008619005398165253,0.9544375,2018.5999999999992,494.5406021781833,3542.659397821815
1.0,0.4,0.1,0.1,1000.0,954.4375,0.7432593749999998,0.1943989034802938,0.36224452554454584,1.1242742244554538,0.00609375,0.0012884192863155375,0.0035684946018347467,0.008619005398165253,0.9544375,2018.5999999999992,494.5406021781833,3542.659397821815
1.0,0.4,0.5,0.0,5000.0,276.875,0.132613125,0.07894924382251033,-0.022124549498791585,0.2873507994987916,0.00121875,0.0005048211159905015,0.00022931879402329986,0.0022081812059767,0.055375,253.57750000000001,-365.3731979951663,872.5281979951665
1.0,0.4,0.5,0.05,5000.0,0.0,0.0,0.0,0.0,0.0,0.0,0.0,0.0,0.0,0.0,0.0,0.0,0.0
1.0,0.4,0.5,0.1,5000.0,0.0,0.0,0.0,0.0,0.0,0.0,0.0,0.0,0.0,0.0,0.0,0.0,0.0
1.0,0.6,0.0,0.0,0.0,0.0,0.88160625,0.2084565978384082,0.4730388258969699,1.29017367410303,0.0065625,0.001331953542897499,0.003951919026840375,0.009173080973159624,1.0,5289.6375,2838.232955381819,7741.042044618181
1.0,0.6,0.0,0.05,0.0,0.0,0.88160625,0.2084565978384082,0.4730388258969699,1.29017367410303,0.0065625,0.001331953542897499,0.003951919026840375,0.009173080973159624,1.0,5289.6375,2838.232955381819,7741.042044618181
1.0,0.6,0.0,0.1,0.0,0.0,0.88160625,0.2084565978384082,0.4730388258969699,1.29017367410303,0.0065625,0.001331953542897499,0.003951919026840375,0.009173080973159624,1.0,5289.6375,2838.232955381819,7741.042044618181
1.0,0.6,0.02,0.0,200.0,200.0,0.88160625,0.2084565978384082,0.4730388258969699,1.29017367410303,0.0065625,0.001331953542897499,0.003951919026840375,0.009173080973159624,1.0,5089.6375,2638.232955381819,7541.042044618181
1.0,0.6,0.02,0.05,200.0,200.0,0.88160625,0.2084565978384082,0.4730388258969699,1.29017367410303,0.0065625,0.001331953542897499,0.003951919026840375,0.009173080973159624,1.0,5089.6375,2638.232955381819,7541.042044618181
1.0,0.6,0.02,0.1,200.0,200.0,0.88160625,0.2084565978384082,0.4730388258969699,1.29017367410303,0.0065625,0.001331953542897499,0.003951919026840375,0.009173080973159624,1.0,5089.6375,2638.232955381819,7541.042044618181
1.0,0.6,0.1,0.0,1000.0,1000.0,0.88160625,0.2084565978384082,0.4730388258969699,1.29017367410303,0.0065625,0.001331953542897499,0.003951919026840375,0.009173080973159624,1.0,4289.6375,1838.2329553818192,6741.042044618181
1.0,0.6,0.1,0.05,1000.0,1000.0,0.88160625,0.2084565978384082,0.4730388258969699,1.29017367410303,0.0065625,0.001331953542897499,0.003951919026840375,0.009173080973159624,1.0,4289.6375,1838.2329553818192,6741.042044618181
1.0,0.6,0.1,0.1,1000.0,1000.0,0.88160625,0.2084565978384082,0.4730388258969699,1.29017367410303,0.0065625,0.001331953542897499,0.003951919026840375,0.009173080973159624,1.0,4289.6375,1838.2329553818192,6741.042044618181
1.0,0.6,0.5,0.0,5000.0,1198.75,0.2339203125,0.10023070440623326,0.03747174171870271,0.4303688832812973,0.00215625,0.000789871913737791,0.0006081294966742016,0.003704370503325799,0.23975,204.77187500000008,-973.9195496877836,1383.4632996877838
1.0,0.6,0.5,0.05,5000.0,1198.75,0.2339203125,0.10023070440623326,0.03747174171870271,0.4303688832812973,0.00215625,0.000789871913737791,0.0006081294966742016,0.003704370503325799,0.23975,204.77187500000008,-973.9195496877836,1383.4632996877838
1.0,0.6,0.5,0.1,5000.0,276.875,0.132613125,0.07894924382251033,-0.022124549498791585,0.2873507994987916,0.00121875,0.0005048211159905015,0.00022931879402329986,0.0022081812059767,0.055375,518.8037499999999,-409.6222969927495,1447.2297969927495
