customer_segment,action,mean,count,shrunk_mean
Lapsed | Both,0,2.012121212121212,462,1.0854471672815749
Lapsed | Both,1,1.5672633744855968,486,1.439759971106335
Lapsed | Both,2,1.108993710691824,477,1.094946229669167
Lapsed | Men only,0,0.3970370370370371,2781,0.4658777462485222
Lapsed | Men only,1,0.9439759912695525,2749,1.0596914689421215
Lapsed | Men only,2,0.7640664780763792,2828,0.8487527641644096
Lapsed | Women only,0,0.3321653543307087,2794,0.417868676480143
Lapsed | Women only,1,0.9201747503566334,2804,1.0404740581135683
Lapsed | Women only,2,1.0445753033547467,2802,1.0560614364075118
Recent | Both,0,0.6107062600321028,623,0.6394293028747149
Recent | Both,1,2.870205479452055,584,1.928026084005059
Recent | Both,2,2.014249146757679,586,1.4303881344396971
Recent | Men only,0,1.216436839456467,1987,1.029254689844547
Recent | Men only,1,1.8226360039564786,2022,1.675434585395107
Recent | Men only,2,1.2238112244897958,1960,1.178012020682892
Recent | Women only,0,0.6196959122632104,2006,0.6322134925368138
Recent | Women only,1,1.6827227476356397,2009,1.5813836214902006
Recent | Women only,2,1.1965294117647058,2040,1.160909730664921
